transaction_id,customer_id,transaction_timestamp,amount_usd,merchant_name,merchant_category,merchant_risk,channel,card_present,city,state_or_region,country,customer_home_city,customer_home_state,distance_from_home_miles,device_trusted,new_device,new_merchant,avg_transaction_amount_30d,amount_vs_avg_ratio,txn_count_last_1h,txn_count_last_24h,unusual_time,prior_declines_24h,travel_notice,customer_verification_response,actual_label,risk_score,initial_action,final_action,scenario_type,reason_codes
T0001,C001,2026-09-01T11:43,59.98,RoadStop Fuel,GAS,LOW,POS,YES,Boston,MA,US,Boston,MA,17.4,YES,NO,NO,60.37,0.99,1,7,NO,0,NO,N/A,LEGITIMATE,0,APPROVE,APPROVE,ROUTINE_LEGITIMATE,-trusted_device
T0002,C002,2026-09-01T15:43,65.12,Corner Bistro,RESTAURANT,LOW,POS,YES,Dallas,TX,US,Dallas,TX,32.3,YES,NO,NO,60.84,1.07,2,2,NO,0,NO,N/A,LEGITIMATE,0,APPROVE,APPROVE,ROUTINE_LEGITIMATE,-trusted_device
T0003,C003,2026-09-01T17:44,64.65,QuickFuel,GAS,LOW,POS,YES,Seattle,WA,US,Seattle,WA,21.6,YES,NO,NO,66.67,0.97,2,3,NO,0,NO,N/A,LEGITIMATE,0,APPROVE,APPROVE,ROUTINE_LEGITIMATE,-trusted_device
T0004,C004,2026-09-01T21:52,14.29,Value Foods,GROCERY,LOW,POS,YES,Chicago,IL,US,Chicago,IL,21.2,YES,NO,NO,75.52,0.19,2,5,NO,0,NO,N/A,LEGITIMATE,0,APPROVE,APPROVE,ROUTINE_LEGITIMATE,-trusted_device
T0005,C005,2026-09-01T23:57,184.94,RoadStop Fuel,GAS,LOW,MOBILE_WALLET,NO,Phoenix,AZ,US,Phoenix,AZ,34.3,YES,NO,NO,143.68,1.29,2,5,NO,0,NO,N/A,LEGITIMATE,0,APPROVE,APPROVE,ROUTINE_LEGITIMATE,card_not_present;-trusted_device
T0006,C006,2026-09-02T02:19,12.49,Neighborhood Grocer,GROCERY,LOW,POS,YES,Dallas,TX,US,Dallas,TX,28.8,YES,NO,NO,101.69,0.12,2,2,NO,0,NO,N/A,LEGITIMATE,0,APPROVE,APPROVE,ROUTINE_LEGITIMATE,-trusted_device
T0007,C007,2026-09-02T05:50,123.05,Main Street Cafe,RESTAURANT,LOW,POS,YES,Boston,MA,US,Boston,MA,25.6,YES,NO,NO,125.69,0.98,1,2,NO,0,NO,N/A,LEGITIMATE,0,APPROVE,APPROVE,ROUTINE_LEGITIMATE,-trusted_device
T0008,C008,2026-09-02T10:37,155.83,Neighborhood Grocer,GROCERY,LOW,MOBILE_WALLET,NO,Charlotte,NC,US,Charlotte,NC,19.6,YES,NO,NO,113.10,1.38,2,2,NO,0,NO,N/A,LEGITIMATE,0,APPROVE,APPROVE,ROUTINE_LEGITIMATE,card_not_present;-trusted_device
T0009,C009,2026-09-02T12:45,39.98,QuickFuel,GAS,LOW,MOBILE_WALLET,NO,Atlanta,GA,US,Atlanta,GA,30.9,YES,NO,NO,104.70,0.38,1,3,NO,0,NO,N/A,LEGITIMATE,0,APPROVE,APPROVE,ROUTINE_LEGITIMATE,card_not_present;-trusted_device
T0010,C010,2026-09-02T14:14,13.43,Fresh Market,GROCERY,LOW,MOBILE_WALLET,NO,Phoenix,AZ,US,Phoenix,AZ,3.5,YES,NO,NO,92.26,0.15,2,4,NO,0,NO,N/A,LEGITIMATE,0,APPROVE,APPROVE,ROUTINE_LEGITIMATE,card_not_present;-trusted_device
T0011,C011,2026-09-02T19:39,57.26,Community Pharmacy,PHARMACY,LOW,MOBILE_WALLET,NO,Phoenix,AZ,US,Phoenix,AZ,18.2,YES,NO,NO,95.01,0.60,2,4,NO,0,NO,N/A,LEGITIMATE,0,APPROVE,APPROVE,ROUTINE_LEGITIMATE,card_not_present;-trusted_device
T0012,C012,2026-09-02T21:55,71.17,HealthPlus Pharmacy,PHARMACY,LOW,MOBILE_WALLET,NO,Boston,MA,US,Boston,MA,21.1,YES,NO,NO,76.03,0.94,2,4,NO,0,NO,N/A,LEGITIMATE,0,APPROVE,APPROVE,ROUTINE_LEGITIMATE,card_not_present;-trusted_device
T0013,C013,2026-09-03T01:58,65.37,Fresh Market,GROCERY,LOW,POS,YES,Boston,MA,US,Boston,MA,12.2,YES,NO,NO,95.48,0.68,1,3,NO,0,NO,N/A,LEGITIMATE,0,APPROVE,APPROVE,ROUTINE_LEGITIMATE,-trusted_device
T0014,C014,2026-09-03T03:52,149.98,Fresh Market,GROCERY,LOW,MOBILE_WALLET,NO,New York,NY,US,New York,NY,12.4,YES,NO,NO,135.50,1.11,1,8,NO,0,NO,N/A,LEGITIMATE,0,APPROVE,APPROVE,ROUTINE_LEGITIMATE,card_not_present;-trusted_device
T0015,C015,2026-09-03T06:20,56.22,QuickFuel,GAS,LOW,POS,YES,Chicago,IL,US,Chicago,IL,3.7,YES,NO,NO,81.05,0.69,2,7,NO,0,NO,N/A,LEGITIMATE,0,APPROVE,APPROVE,ROUTINE_LEGITIMATE,-trusted_device
T0016,C016,2026-09-03T08:27,54.81,Fresh Market,GROCERY,LOW,MOBILE_WALLET,NO,Chicago,IL,US,Chicago,IL,29.7,YES,NO,NO,104.71,0.52,1,8,NO,0,NO,N/A,LEGITIMATE,0,APPROVE,APPROVE,ROUTINE_LEGITIMATE,card_not_present;-trusted_device
T0017,C017,2026-09-03T12:35,13.91,Corner Bistro,RESTAURANT,LOW,MOBILE_WALLET,NO,Denver,CO,US,Denver,CO,28.9,YES,NO,NO,84.84,0.16,2,4,NO,0,NO,N/A,LEGITIMATE,0,APPROVE,APPROVE,ROUTINE_LEGITIMATE,card_not_present;-trusted_device
T0018,C018,2026-09-03T15:44,139.03,Neighborhood Grocer,GROCERY,LOW,POS,YES,Denver,CO,US,Denver,CO,30.1,YES,NO,NO,138.50,1.00,1,8,NO,0,NO,N/A,LEGITIMATE,0,APPROVE,APPROVE,ROUTINE_LEGITIMATE,-trusted_device
T0019,C019,2026-09-03T18:35,88.49,HealthPlus Pharmacy,PHARMACY,LOW,POS,YES,New York,NY,US,New York,NY,12.1,YES,NO,NO,67.12,1.32,2,3,NO,0,NO,N/A,LEGITIMATE,0,APPROVE,APPROVE,ROUTINE_LEGITIMATE,-trusted_device
T0020,C020,2026-09-03T22:49,67.50,Corner Bistro,RESTAURANT,LOW,POS,YES,New York,NY,US,New York,NY,33.4,YES,NO,NO,133.30,0.51,1,3,NO,0,NO,N/A,LEGITIMATE,0,APPROVE,APPROVE,ROUTINE_LEGITIMATE,-trusted_device
T0021,C021,2026-09-03T23:22,36.93,HealthPlus Pharmacy,PHARMACY,LOW,POS,YES,Orlando,FL,US,Orlando,FL,20.0,YES,NO,NO,72.49,0.51,2,5,NO,0,NO,N/A,LEGITIMATE,0,APPROVE,APPROVE,ROUTINE_LEGITIMATE,-trusted_device
T0022,C022,2026-09-04T02:46,115.53,Value Foods,GROCERY,LOW,POS,YES,Denver,CO,US,Denver,CO,1.7,YES,NO,NO,87.77,1.32,1,6,NO,0,NO,N/A,LEGITIMATE,0,APPROVE,APPROVE,ROUTINE_LEGITIMATE,-trusted_device
T0023,C023,2026-09-04T07:30,81.49,HealthPlus Pharmacy,PHARMACY,LOW,MOBILE_WALLET,NO,Denver,CO,US,Denver,CO,7.6,YES,NO,NO,136.14,0.60,2,4,NO,0,NO,N/A,LEGITIMATE,0,APPROVE,APPROVE,ROUTINE_LEGITIMATE,card_not_present;-trusted_device
T0024,C024,2026-09-04T10:19,62.90,QuickFuel,GAS,LOW,POS,YES,New York,NY,US,New York,NY,25.7,YES,NO,NO,139.18,0.45,1,7,NO,0,NO,N/A,LEGITIMATE,0,APPROVE,APPROVE,ROUTINE_LEGITIMATE,-trusted_device
T0025,C025,2026-09-04T11:52,24.06,Neighborhood Grocer,GROCERY,LOW,POS,YES,Orlando,FL,US,Orlando,FL,5.8,YES,NO,NO,135.15,0.18,1,2,NO,0,NO,N/A,LEGITIMATE,0,APPROVE,APPROVE,ROUTINE_LEGITIMATE,-trusted_device
T0026,C001,2026-09-04T15:11,58.53,QuickFuel,GAS,LOW,POS,YES,Charlotte,NC,US,Charlotte,NC,27.3,YES,NO,NO,133.59,0.44,1,5,NO,0,NO,N/A,LEGITIMATE,0,APPROVE,APPROVE,ROUTINE_LEGITIMATE,-trusted_device
T0027,C002,2026-09-04T19:58,124.30,Neighborhood Grocer,GROCERY,LOW,POS,YES,Chicago,IL,US,Chicago,IL,3.0,YES,NO,NO,100.33,1.24,1,5,NO,0,NO,N/A,LEGITIMATE,0,APPROVE,APPROVE,ROUTINE_LEGITIMATE,-trusted_device
T0028,C003,2026-09-04T22:17,147.38,RoadStop Fuel,GAS,LOW,POS,YES,Seattle,WA,US,Seattle,WA,1.8,YES,NO,NO,119.71,1.23,2,8,NO,0,NO,N/A,LEGITIMATE,0,APPROVE,APPROVE,ROUTINE_LEGITIMATE,-trusted_device
T0029,C004,2026-09-05T01:10,75.02,Neighborhood Grocer,GROCERY,LOW,MOBILE_WALLET,NO,Phoenix,AZ,US,Phoenix,AZ,17.1,YES,NO,NO,64.66,1.16,2,2,NO,0,NO,N/A,LEGITIMATE,0,APPROVE,APPROVE,ROUTINE_LEGITIMATE,card_not_present;-trusted_device
T0030,C005,2026-09-05T03:03,75.72,City Grill,RESTAURANT,LOW,MOBILE_WALLET,NO,Charlotte,NC,US,Charlotte,NC,24.3,YES,NO,NO,75.80,1.00,1,5,NO,0,NO,N/A,LEGITIMATE,0,APPROVE,APPROVE,ROUTINE_LEGITIMATE,card_not_present;-trusted_device
T0031,C006,2026-09-05T07:10,100.83,Main Street Cafe,RESTAURANT,LOW,MOBILE_WALLET,NO,New York,NY,US,New York,NY,20.8,YES,NO,NO,109.67,0.92,1,4,NO,0,NO,N/A,LEGITIMATE,0,APPROVE,APPROVE,ROUTINE_LEGITIMATE,card_not_present;-trusted_device
T0032,C007,2026-09-05T10:41,41.32,Neighborhood Grocer,GROCERY,LOW,POS,YES,New York,NY,US,New York,NY,20.8,YES,NO,NO,87.25,0.47,1,5,NO,0,NO,N/A,LEGITIMATE,0,APPROVE,APPROVE,ROUTINE_LEGITIMATE,-trusted_device
T0033,C008,2026-09-05T11:38,63.61,RoadStop Fuel,GAS,LOW,POS,YES,Orlando,FL,US,Orlando,FL,34.9,YES,NO,NO,72.49,0.88,2,2,NO,0,NO,N/A,LEGITIMATE,0,APPROVE,APPROVE,ROUTINE_LEGITIMATE,-trusted_device
T0034,C009,2026-09-05T15:53,99.16,Corner Bistro,RESTAURANT,LOW,MOBILE_WALLET,NO,New York,NY,US,New York,NY,11.9,YES,NO,NO,103.66,0.96,1,5,NO,0,NO,N/A,LEGITIMATE,0,APPROVE,APPROVE,ROUTINE_LEGITIMATE,card_not_present;-trusted_device
T0035,C010,2026-09-05T19:16,68.84,City Grill,RESTAURANT,LOW,MOBILE_WALLET,NO,Denver,CO,US,Denver,CO,6.8,YES,NO,NO,111.92,0.62,2,4,NO,0,NO,N/A,LEGITIMATE,0,APPROVE,APPROVE,ROUTINE_LEGITIMATE,card_not_present;-trusted_device
T0036,C011,2026-09-05T22:16,14.81,Community Pharmacy,PHARMACY,LOW,MOBILE_WALLET,NO,Phoenix,AZ,US,Phoenix,AZ,1.1,YES,NO,NO,68.82,0.22,1,6,NO,0,NO,N/A,LEGITIMATE,0,APPROVE,APPROVE,ROUTINE_LEGITIMATE,card_not_present;-trusted_device
T0037,C012,2026-09-05T23:07,49.47,Neighborhood Grocer,GROCERY,LOW,POS,YES,New York,NY,US,New York,NY,25.0,YES,NO,NO,77.23,0.64,2,7,NO,0,NO,N/A,LEGITIMATE,0,APPROVE,APPROVE,ROUTINE_LEGITIMATE,-trusted_device
T0038,C013,2026-09-06T03:59,153.98,Value Foods,GROCERY,LOW,MOBILE_WALLET,NO,Boston,MA,US,Boston,MA,33.4,YES,NO,NO,119.80,1.29,1,8,NO,0,NO,N/A,LEGITIMATE,0,APPROVE,APPROVE,ROUTINE_LEGITIMATE,card_not_present;-trusted_device
T0039,C014,2026-09-06T06:49,73.94,HealthPlus Pharmacy,PHARMACY,LOW,MOBILE_WALLET,NO,Atlanta,GA,US,Atlanta,GA,29.9,YES,NO,NO,71.70,1.03,1,3,NO,0,NO,N/A,LEGITIMATE,0,APPROVE,APPROVE,ROUTINE_LEGITIMATE,card_not_present;-trusted_device
T0040,C015,2026-09-06T09:35,66.05,Value Foods,GROCERY,LOW,POS,YES,Orlando,FL,US,Orlando,FL,22.5,YES,NO,NO,148.76,0.44,1,7,NO,0,NO,N/A,LEGITIMATE,0,APPROVE,APPROVE,ROUTINE_LEGITIMATE,-trusted_device
T0041,C016,2026-09-06T11:58,133.37,Fresh Market,GROCERY,LOW,MOBILE_WALLET,NO,Chicago,IL,US,Chicago,IL,12.1,YES,NO,NO,113.90,1.17,1,8,NO,0,NO,N/A,LEGITIMATE,0,APPROVE,APPROVE,ROUTINE_LEGITIMATE,card_not_present;-trusted_device
T0042,C017,2026-09-06T14:52,18.41,Main Street Cafe,RESTAURANT,LOW,MOBILE_WALLET,NO,Charlotte,NC,US,Charlotte,NC,7.4,YES,NO,NO,86.23,0.21,1,8,NO,0,NO,N/A,LEGITIMATE,0,APPROVE,APPROVE,ROUTINE_LEGITIMATE,card_not_present;-trusted_device
T0043,C018,2026-09-06T17:28,47.72,Main Street Cafe,RESTAURANT,LOW,POS,YES,Orlando,FL,US,Orlando,FL,19.4,YES,NO,NO,138.33,0.34,1,8,NO,0,NO,N/A,LEGITIMATE,0,APPROVE,APPROVE,ROUTINE_LEGITIMATE,-trusted_device
T0044,C019,2026-09-06T20:40,99.74,Value Foods,GROCERY,LOW,MOBILE_WALLET,NO,Chicago,IL,US,Chicago,IL,7.9,YES,NO,NO,86.35,1.16,1,7,NO,0,NO,N/A,LEGITIMATE,0,APPROVE,APPROVE,ROUTINE_LEGITIMATE,card_not_present;-trusted_device
T0045,C020,2026-09-06T23:03,116.83,HealthPlus Pharmacy,PHARMACY,LOW,POS,YES,Denver,CO,US,Denver,CO,22.9,YES,NO,NO,133.79,0.87,1,2,NO,0,NO,N/A,LEGITIMATE,0,APPROVE,APPROVE,ROUTINE_LEGITIMATE,-trusted_device
T0046,C021,2026-09-07T02:29,460.86,Digital World,ELECTRONICS,MEDIUM,E_COMMERCE,NO,Nashville,NV,US,Denver,CO,698.6,YES,NO,YES,100.87,4.57,1,3,YES,0,YES,N/A,LEGITIMATE,26,APPROVE,APPROVE,TRAVEL_NOTICE_RISK_REDUCTION,amount_3x_plus;distance_300_plus;new_merchant;unusual_time;card_not_present;medium_risk_merchant;-trusted_device;-travel_notice
T0047,C022,2026-09-07T07:52,434.80,TechHub,ELECTRONICS,MEDIUM,E_COMMERCE,NO,Nashville,NV,US,Phoenix,AZ,655.0,YES,NO,YES,112.53,3.86,1,5,YES,0,YES,N/A,LEGITIMATE,26,APPROVE,APPROVE,TRAVEL_NOTICE_RISK_REDUCTION,amount_3x_plus;distance_300_plus;new_merchant;unusual_time;card_not_present;medium_risk_merchant;-trusted_device;-travel_notice
T0048,C023,2026-09-07T09:53,346.81,TechHub,ELECTRONICS,MEDIUM,E_COMMERCE,NO,San Diego,NV,US,Chicago,IL,533.8,YES,NO,YES,93.63,3.70,1,3,YES,0,YES,N/A,LEGITIMATE,26,APPROVE,APPROVE,TRAVEL_NOTICE_RISK_REDUCTION,amount_3x_plus;distance_300_plus;new_merchant;unusual_time;card_not_present;medium_risk_merchant;-trusted_device;-travel_notice
T0049,C024,2026-09-07T12:31,369.10,Digital World,ELECTRONICS,MEDIUM,E_COMMERCE,NO,San Diego,CA,US,Chicago,IL,546.4,YES,NO,YES,95.17,3.88,1,7,YES,0,YES,N/A,LEGITIMATE,26,APPROVE,APPROVE,TRAVEL_NOTICE_RISK_REDUCTION,amount_3x_plus;distance_300_plus;new_merchant;unusual_time;card_not_present;medium_risk_merchant;-trusted_device;-travel_notice
T0050,C025,2026-09-07T16:27,444.31,TechHub,ELECTRONICS,MEDIUM,E_COMMERCE,NO,San Diego,NV,US,Denver,CO,529.6,YES,NO,YES,100.39,4.43,1,5,YES,0,YES,N/A,LEGITIMATE,26,APPROVE,APPROVE,TRAVEL_NOTICE_RISK_REDUCTION,amount_3x_plus;distance_300_plus;new_merchant;unusual_time;card_not_present;medium_risk_merchant;-trusted_device;-travel_notice
T0051,C001,2026-09-07T18:53,447.93,Digital World,ELECTRONICS,MEDIUM,E_COMMERCE,NO,Nashville,FL,US,Chicago,IL,547.3,YES,NO,YES,120.49,3.72,1,3,YES,0,NO,YES,LEGITIMATE,41,VERIFY,APPROVE,LEGITIMATE_UNUSUAL_VERIFY,amount_3x_plus;distance_300_plus;new_merchant;unusual_time;card_not_present;medium_risk_merchant;-trusted_device
T0052,C002,2026-09-07T21:03,304.13,TechHub,ELECTRONICS,MEDIUM,E_COMMERCE,NO,Washington,CA,US,Charlotte,NC,608.8,YES,NO,YES,94.05,3.23,1,8,YES,0,NO,YES,LEGITIMATE,41,VERIFY,APPROVE,LEGITIMATE_UNUSUAL_VERIFY,amount_3x_plus;distance_300_plus;new_merchant;unusual_time;card_not_present;medium_risk_merchant;-trusted_device
T0053,C003,2026-09-07T23:15,393.99,TechHub,ELECTRONICS,MEDIUM,E_COMMERCE,NO,Washington,TN,US,Phoenix,AZ,414.4,YES,NO,YES,112.63,3.50,1,3,YES,0,NO,YES,LEGITIMATE,41,VERIFY,APPROVE,LEGITIMATE_UNUSUAL_VERIFY,amount_3x_plus;distance_300_plus;new_merchant;unusual_time;card_not_present;medium_risk_merchant;-trusted_device
T0054,C004,2026-09-08T03:53,312.64,Digital World,ELECTRONICS,MEDIUM,E_COMMERCE,NO,Washington,CA,US,New York,NY,432.7,YES,NO,YES,95.44,3.28,1,8,YES,0,NO,YES,LEGITIMATE,41,VERIFY,APPROVE,LEGITIMATE_UNUSUAL_VERIFY,amount_3x_plus;distance_300_plus;new_merchant;unusual_time;card_not_present;medium_risk_merchant;-trusted_device
T0055,C005,2026-09-08T06:02,250.86,Digital World,ELECTRONICS,MEDIUM,E_COMMERCE,NO,Washington,DC,US,New York,NY,623.2,YES,NO,YES,71.87,3.49,1,3,YES,0,NO,YES,LEGITIMATE,41,VERIFY,APPROVE,LEGITIMATE_UNUSUAL_VERIFY,amount_3x_plus;distance_300_plus;new_merchant;unusual_time;card_not_present;medium_risk_merchant;-trusted_device
T0056,C006,2026-09-08T09:04,368.70,TechHub,ELECTRONICS,MEDIUM,E_COMMERCE,NO,San Diego,TN,US,Dallas,TX,394.5,YES,NO,YES,105.90,3.48,1,7,YES,0,NO,YES,LEGITIMATE,41,VERIFY,APPROVE,LEGITIMATE_UNUSUAL_VERIFY,amount_3x_plus;distance_300_plus;new_merchant;unusual_time;card_not_present;medium_risk_merchant;-trusted_device
T0057,C007,2026-09-08T11:33,470.38,TechHub,ELECTRONICS,MEDIUM,E_COMMERCE,NO,San Diego,CA,US,Seattle,WA,512.7,YES,NO,YES,131.49,3.58,1,7,YES,0,NO,YES,LEGITIMATE,41,VERIFY,APPROVE,LEGITIMATE_UNUSUAL_VERIFY,amount_3x_plus;distance_300_plus;new_merchant;unusual_time;card_not_present;medium_risk_merchant;-trusted_device
T0058,C008,2026-09-08T14:03,528.64,TechHub,ELECTRONICS,MEDIUM,E_COMMERCE,NO,Tampa,TN,US,Denver,CO,651.6,YES,NO,YES,133.34,3.96,1,5,YES,0,NO,YES,LEGITIMATE,41,VERIFY,APPROVE,LEGITIMATE_UNUSUAL_VERIFY,amount_3x_plus;distance_300_plus;new_merchant;unusual_time;card_not_present;medium_risk_merchant;-trusted_device
T0059,C009,2026-09-08T19:26,439.97,Digital World,ELECTRONICS,MEDIUM,E_COMMERCE,NO,Nashville,TN,US,Orlando,FL,412.0,YES,NO,YES,116.26,3.78,1,8,YES,0,NO,YES,LEGITIMATE,41,VERIFY,APPROVE,LEGITIMATE_UNUSUAL_VERIFY,amount_3x_plus;distance_300_plus;new_merchant;unusual_time;card_not_present;medium_risk_merchant;-trusted_device
T0060,C010,2026-09-08T21:06,265.98,Digital World,ELECTRONICS,MEDIUM,E_COMMERCE,NO,Tampa,DC,US,New York,NY,665.6,YES,NO,YES,77.22,3.44,1,7,YES,0,NO,YES,LEGITIMATE,41,VERIFY,APPROVE,LEGITIMATE_UNUSUAL_VERIFY,amount_3x_plus;distance_300_plus;new_merchant;unusual_time;card_not_present;medium_risk_merchant;-trusted_device
T0061,C011,2026-09-08T23:32,617.50,Digital World,ELECTRONICS,MEDIUM,E_COMMERCE,NO,San Diego,CA,US,Seattle,WA,581.7,YES,NO,YES,131.85,4.68,1,3,YES,0,NO,YES,LEGITIMATE,41,VERIFY,APPROVE,LEGITIMATE_UNUSUAL_VERIFY,amount_3x_plus;distance_300_plus;new_merchant;unusual_time;card_not_present;medium_risk_merchant;-trusted_device
T0062,C012,2026-09-09T02:05,367.70,TechHub,ELECTRONICS,MEDIUM,E_COMMERCE,NO,Washington,TN,US,Boston,MA,461.2,YES,NO,YES,112.56,3.27,1,7,YES,0,NO,YES,LEGITIMATE,41,VERIFY,APPROVE,LEGITIMATE_UNUSUAL_VERIFY,amount_3x_plus;distance_300_plus;new_merchant;unusual_time;card_not_present;medium_risk_merchant;-trusted_device
T0063,C013,2026-09-09T05:23,364.22,Digital World,ELECTRONICS,MEDIUM,E_COMMERCE,NO,San Diego,DC,US,Orlando,FL,415.7,YES,NO,YES,83.30,4.37,1,7,YES,0,NO,YES,LEGITIMATE,41,VERIFY,APPROVE,LEGITIMATE_UNUSUAL_VERIFY,amount_3x_plus;distance_300_plus;new_merchant;unusual_time;card_not_present;medium_risk_merchant;-trusted_device
T0064,C014,2026-09-09T10:04,403.34,Digital World,ELECTRONICS,MEDIUM,E_COMMERCE,NO,Tampa,FL,US,New York,NY,433.4,YES,NO,YES,99.63,4.05,1,5,YES,0,NO,YES,LEGITIMATE,41,VERIFY,APPROVE,LEGITIMATE_UNUSUAL_VERIFY,amount_3x_plus;distance_300_plus;new_merchant;unusual_time;card_not_present;medium_risk_merchant;-trusted_device
T0065,C015,2026-09-09T13:34,414.97,TechHub,ELECTRONICS,MEDIUM,E_COMMERCE,NO,Nashville,TN,US,Atlanta,GA,660.7,YES,NO,YES,108.91,3.81,1,7,YES,0,NO,YES,LEGITIMATE,41,VERIFY,APPROVE,LEGITIMATE_UNUSUAL_VERIFY,amount_3x_plus;distance_300_plus;new_merchant;unusual_time;card_not_present;medium_risk_merchant;-trusted_device
T0066,C016,2026-09-09T16:29,462.87,Digital World,ELECTRONICS,MEDIUM,E_COMMERCE,NO,San Diego,DC,US,Phoenix,AZ,705.2,YES,NO,YES,103.10,4.49,1,4,YES,0,NO,YES,LEGITIMATE,41,VERIFY,APPROVE,LEGITIMATE_UNUSUAL_VERIFY,amount_3x_plus;distance_300_plus;new_merchant;unusual_time;card_not_present;medium_risk_merchant;-trusted_device
T0067,C017,2026-09-09T17:25,509.75,TechHub,ELECTRONICS,MEDIUM,E_COMMERCE,NO,Tampa,DC,US,Phoenix,AZ,678.0,YES,NO,YES,110.38,4.62,1,7,YES,0,NO,YES,LEGITIMATE,41,VERIFY,APPROVE,LEGITIMATE_UNUSUAL_VERIFY,amount_3x_plus;distance_300_plus;new_merchant;unusual_time;card_not_present;medium_risk_merchant;-trusted_device
T0068,C018,2026-09-09T21:11,410.70,Digital World,ELECTRONICS,MEDIUM,E_COMMERCE,NO,San Diego,TN,US,Denver,CO,495.2,YES,NO,YES,96.80,4.24,1,7,YES,0,NO,YES,LEGITIMATE,41,VERIFY,APPROVE,LEGITIMATE_UNUSUAL_VERIFY,amount_3x_plus;distance_300_plus;new_merchant;unusual_time;card_not_present;medium_risk_merchant;-trusted_device
T0069,C019,2026-09-10T00:25,425.16,TechHub,ELECTRONICS,MEDIUM,E_COMMERCE,NO,Tampa,DC,US,Boston,MA,406.9,YES,NO,YES,107.10,3.97,1,3,YES,0,NO,YES,LEGITIMATE,41,VERIFY,APPROVE,LEGITIMATE_UNUSUAL_VERIFY,amount_3x_plus;distance_300_plus;new_merchant;unusual_time;card_not_present;medium_risk_merchant;-trusted_device
T0070,C020,2026-09-10T02:12,437.45,Digital World,ELECTRONICS,MEDIUM,E_COMMERCE,NO,Nashville,FL,US,Atlanta,GA,602.2,YES,NO,YES,110.04,3.98,1,7,YES,0,NO,YES,LEGITIMATE,41,VERIFY,APPROVE,LEGITIMATE_UNUSUAL_VERIFY,amount_3x_plus;distance_300_plus;new_merchant;unusual_time;card_not_present;medium_risk_merchant;-trusted_device
T0071,C021,2026-09-10T07:24,180.86,WebShop Direct,ONLINE_RETAIL,MEDIUM,E_COMMERCE,NO,Detroit,TX,US,Seattle,WA,257.2,NO,YES,YES,74.47,2.43,2,6,NO,0,NO,NO,FRAUD,61,VERIFY,DECLINE_AND_LOCK,SUBTLE_FRAUD_VERIFY,untrusted_device;new_device;amount_above_normal;distance_100_plus;new_merchant;card_not_present;medium_risk_merchant
T0072,C022,2026-09-10T10:57,184.73,WebShop Direct,ONLINE_RETAIL,MEDIUM,E_COMMERCE,NO,Detroit,FL,US,Phoenix,AZ,142.7,NO,YES,YES,89.52,2.06,2,4,NO,0,NO,NO,FRAUD,61,VERIFY,DECLINE_AND_LOCK,SUBTLE_FRAUD_VERIFY,untrusted_device;new_device;amount_above_normal;distance_100_plus;new_merchant;card_not_present;medium_risk_merchant
T0073,C023,2026-09-10T11:19,227.53,MarketSquare Online,ONLINE_RETAIL,MEDIUM,E_COMMERCE,NO,Tampa,MD,US,Phoenix,AZ,190.0,NO,YES,YES,84.65,2.69,2,9,NO,0,NO,NO,FRAUD,61,VERIFY,DECLINE_AND_LOCK,SUBTLE_FRAUD_VERIFY,untrusted_device;new_device;amount_above_normal;distance_100_plus;new_merchant;card_not_present;medium_risk_merchant
T0074,C024,2026-09-10T15:42,325.63,MarketSquare Online,ONLINE_RETAIL,MEDIUM,E_COMMERCE,NO,Houston,FL,US,Seattle,WA,176.0,NO,YES,YES,143.31,2.27,2,8,NO,0,NO,NO,FRAUD,61,VERIFY,DECLINE_AND_LOCK,SUBTLE_FRAUD_VERIFY,untrusted_device;new_device;amount_above_normal;distance_100_plus;new_merchant;card_not_present;medium_risk_merchant
T0075,C025,2026-09-10T18:52,341.05,MarketSquare Online,ONLINE_RETAIL,MEDIUM,E_COMMERCE,NO,Houston,FL,US,Phoenix,AZ,149.3,NO,YES,YES,138.74,2.46,2,9,NO,0,NO,NO,FRAUD,61,VERIFY,DECLINE_AND_LOCK,SUBTLE_FRAUD_VERIFY,untrusted_device;new_device;amount_above_normal;distance_100_plus;new_merchant;card_not_present;medium_risk_merchant
T0076,C001,2026-09-10T21:44,206.88,MarketSquare Online,ONLINE_RETAIL,MEDIUM,E_COMMERCE,NO,Tampa,TX,US,Phoenix,AZ,161.0,NO,YES,YES,87.24,2.37,2,8,NO,0,NO,NO,FRAUD,61,VERIFY,DECLINE_AND_LOCK,SUBTLE_FRAUD_VERIFY,untrusted_device;new_device;amount_above_normal;distance_100_plus;new_merchant;card_not_present;medium_risk_merchant
T0077,C002,2026-09-11T01:51,218.15,WebShop Direct,ONLINE_RETAIL,MEDIUM,E_COMMERCE,NO,Tampa,MD,US,Seattle,WA,223.3,NO,YES,YES,108.40,2.01,2,7,NO,0,NO,NO,FRAUD,61,VERIFY,DECLINE_AND_LOCK,SUBTLE_FRAUD_VERIFY,untrusted_device;new_device;amount_above_normal;distance_100_plus;new_merchant;card_not_present;medium_risk_merchant
T0078,C003,2026-09-11T04:37,275.26,MarketSquare Online,ONLINE_RETAIL,MEDIUM,E_COMMERCE,NO,Tampa,FL,US,Atlanta,GA,249.3,NO,YES,YES,134.25,2.05,2,9,NO,0,NO,NO,FRAUD,61,VERIFY,DECLINE_AND_LOCK,SUBTLE_FRAUD_VERIFY,untrusted_device;new_device;amount_above_normal;distance_100_plus;new_merchant;card_not_present;medium_risk_merchant
T0079,C004,2026-09-11T06:01,195.93,WebShop Direct,ONLINE_RETAIL,MEDIUM,E_COMMERCE,NO,Detroit,MI,US,Denver,CO,170.8,NO,YES,YES,92.49,2.12,2,7,NO,0,NO,NO,FRAUD,61,VERIFY,DECLINE_AND_LOCK,SUBTLE_FRAUD_VERIFY,untrusted_device;new_device;amount_above_normal;distance_100_plus;new_merchant;card_not_present;medium_risk_merchant
T0080,C005,2026-09-11T09:13,222.74,MarketSquare Online,ONLINE_RETAIL,MEDIUM,E_COMMERCE,NO,Detroit,MD,US,Charlotte,NC,230.2,NO,YES,YES,85.84,2.59,2,7,NO,0,NO,NO,FRAUD,61,VERIFY,DECLINE_AND_LOCK,SUBTLE_FRAUD_VERIFY,untrusted_device;new_device;amount_above_normal;distance_100_plus;new_merchant;card_not_present;medium_risk_merchant
T0081,C006,2026-09-11T13:21,900.00,Digital World,ELECTRONICS,MEDIUM,E_COMMERCE,NO,Los Angeles,CA,US,Denver,CO,2499.3,NO,YES,YES,77.51,11.61,7,15,YES,5,NO,N/A,FRAUD,100,DECLINE,DECLINE_AND_LOCK,OBVIOUS_FRAUD_DECLINE,untrusted_device;new_device;amount_8x_plus;distance_1000_plus;high_velocity;new_merchant;unusual_time;card_not_present;medium_risk_merchant;recent_declines
T0082,C007,2026-09-11T15:26,932.72,Gem Gallery,JEWELRY,HIGH,E_COMMERCE,NO,Los Angeles,CA,US,Boston,MA,5012.2,NO,YES,YES,85.90,10.86,8,11,YES,5,NO,N/A,FRAUD,100,DECLINE,DECLINE_AND_LOCK,OBVIOUS_FRAUD_DECLINE,untrusted_device;new_device;amount_8x_plus;distance_1000_plus;high_velocity;new_merchant;unusual_time;card_not_present;high_risk_merchant;recent_declines
T0083,C008,2026-09-11T18:10,943.08,Digital World,ELECTRONICS,MEDIUM,E_COMMERCE,NO,Miami,FL,US,Chicago,IL,3391.5,NO,YES,YES,70.64,13.35,7,12,YES,4,NO,N/A,FRAUD,100,DECLINE,DECLINE_AND_LOCK,OBVIOUS_FRAUD_DECLINE,untrusted_device;new_device;amount_8x_plus;distance_1000_plus;high_velocity;new_merchant;unusual_time;card_not_present;medium_risk_merchant;recent_declines
T0084,C009,2026-09-11T20:11,900.00,Gem Gallery,JEWELRY,HIGH,E_COMMERCE,NO,Toronto,ON,CA,Charlotte,NC,3293.7,NO,YES,YES,51.38,17.51,7,19,YES,4,NO,N/A,FRAUD,100,DECLINE,DECLINE_AND_LOCK,OBVIOUS_FRAUD_DECLINE,untrusted_device;new_device;amount_8x_plus;distance_1000_plus;high_velocity;new_merchant;unusual_time;card_not_present;high_risk_merchant;recent_declines
T0085,C010,2026-09-12T00:03,1053.26,Premier Jewelry,JEWELRY,HIGH,E_COMMERCE,NO,Miami,FL,US,Denver,CO,2471.4,NO,YES,YES,87.10,12.09,7,20,YES,2,NO,N/A,FRAUD,100,DECLINE,DECLINE_AND_LOCK,OBVIOUS_FRAUD_DECLINE,untrusted_device;new_device;amount_8x_plus;distance_1000_plus;high_velocity;new_merchant;unusual_time;card_not_present;high_risk_merchant;recent_declines
T0086,C011,2026-09-12T02:07,900.00,WebShop Direct,ONLINE_RETAIL,MEDIUM,E_COMMERCE,NO,Mexico City,CDMX,MX,Orlando,FL,1597.6,NO,YES,YES,54.83,16.42,6,11,YES,3,NO,N/A,FRAUD,100,DECLINE,DECLINE_AND_LOCK,OBVIOUS_FRAUD_DECLINE,untrusted_device;new_device;amount_8x_plus;distance_1000_plus;high_velocity;new_merchant;unusual_time;card_not_present;medium_risk_merchant;recent_declines
T0087,C012,2026-09-12T07:41,1003.67,TechHub,ELECTRONICS,MEDIUM,E_COMMERCE,NO,Toronto,ON,CA,Atlanta,GA,4518.7,NO,YES,YES,112.07,8.96,6,22,YES,3,NO,N/A,FRAUD,100,DECLINE,DECLINE_AND_LOCK,OBVIOUS_FRAUD_DECLINE,untrusted_device;new_device;amount_8x_plus;distance_1000_plus;high_velocity;new_merchant;unusual_time;card_not_present;medium_risk_merchant;recent_declines
T0088,C013,2026-09-12T08:32,1484.35,Digital World,ELECTRONICS,MEDIUM,E_COMMERCE,NO,Los Angeles,CA,US,Chicago,IL,2439.9,NO,YES,YES,109.23,13.59,9,14,YES,2,NO,N/A,FRAUD,100,DECLINE,DECLINE_AND_LOCK,OBVIOUS_FRAUD_DECLINE,untrusted_device;new_device;amount_8x_plus;distance_1000_plus;high_velocity;new_merchant;unusual_time;card_not_present;medium_risk_merchant;recent_declines
T0089,C014,2026-09-12T12:21,986.95,Gem Gallery,JEWELRY,HIGH,E_COMMERCE,NO,London,ENG,GB,Dallas,TX,3664.0,NO,YES,YES,91.71,10.76,9,19,YES,5,NO,N/A,FRAUD,100,DECLINE,DECLINE_AND_LOCK,OBVIOUS_FRAUD_DECLINE,untrusted_device;new_device;amount_8x_plus;distance_1000_plus;high_velocity;new_merchant;unusual_time;card_not_present;high_risk_merchant;recent_declines
T0090,C015,2026-09-12T16:02,1233.50,Premier Jewelry,JEWELRY,HIGH,E_COMMERCE,NO,Toronto,ON,CA,Chicago,IL,1751.4,NO,YES,YES,101.97,12.10,6,13,YES,4,NO,N/A,FRAUD,100,DECLINE,DECLINE_AND_LOCK,OBVIOUS_FRAUD_DECLINE,untrusted_device;new_device;amount_8x_plus;distance_1000_plus;high_velocity;new_merchant;unusual_time;card_not_present;high_risk_merchant;recent_declines
T0091,C016,2026-09-12T19:04,925.60,Digital World,ELECTRONICS,MEDIUM,E_COMMERCE,NO,Toronto,ON,CA,Boston,MA,1524.9,NO,YES,YES,84.68,10.93,5,22,YES,5,NO,N/A,FRAUD,100,DECLINE,DECLINE_AND_LOCK,OBVIOUS_FRAUD_DECLINE,untrusted_device;new_device;amount_8x_plus;distance_1000_plus;high_velocity;new_merchant;unusual_time;card_not_present;medium_risk_merchant;recent_declines
T0092,C017,2026-09-12T22:59,900.00,Premier Jewelry,JEWELRY,HIGH,E_COMMERCE,NO,Miami,FL,US,Dallas,TX,4772.8,NO,YES,YES,90.22,9.98,8,24,YES,3,NO,N/A,FRAUD,100,DECLINE,DECLINE_AND_LOCK,OBVIOUS_FRAUD_DECLINE,untrusted_device;new_device;amount_8x_plus;distance_1000_plus;high_velocity;new_merchant;unusual_time;card_not_present;high_risk_merchant;recent_declines
T0093,C018,2026-09-12T23:54,900.00,MarketSquare Online,ONLINE_RETAIL,MEDIUM,E_COMMERCE,NO,Miami,FL,US,Charlotte,NC,2753.2,NO,YES,YES,88.07,10.22,7,20,YES,4,NO,N/A,FRAUD,100,DECLINE,DECLINE_AND_LOCK,OBVIOUS_FRAUD_DECLINE,untrusted_device;new_device;amount_8x_plus;distance_1000_plus;high_velocity;new_merchant;unusual_time;card_not_present;medium_risk_merchant;recent_declines
T0094,C019,2026-09-13T04:07,900.00,TechHub,ELECTRONICS,MEDIUM,E_COMMERCE,NO,Los Angeles,CA,US,Charlotte,NC,1520.6,NO,YES,YES,52.85,17.03,7,13,YES,4,NO,N/A,FRAUD,100,DECLINE,DECLINE_AND_LOCK,OBVIOUS_FRAUD_DECLINE,untrusted_device;new_device;amount_8x_plus;distance_1000_plus;high_velocity;new_merchant;unusual_time;card_not_present;medium_risk_merchant;recent_declines
T0095,C020,2026-09-13T07:56,900.00,WebShop Direct,ONLINE_RETAIL,MEDIUM,E_COMMERCE,NO,Toronto,ON,CA,New York,NY,2004.5,NO,YES,YES,91.41,9.85,7,11,YES,3,NO,N/A,FRAUD,100,DECLINE,DECLINE_AND_LOCK,OBVIOUS_FRAUD_DECLINE,untrusted_device;new_device;amount_8x_plus;distance_1000_plus;high_velocity;new_merchant;unusual_time;card_not_present;medium_risk_merchant;recent_declines
T0096,C021,2026-09-13T10:04,117.45,Main Street Cafe,RESTAURANT,LOW,POS,YES,Atlanta,GA,US,Atlanta,GA,5.2,YES,NO,NO,111.83,1.05,1,3,NO,0,NO,N/A,FRAUD,0,APPROVE,APPROVE,LOW_SIGNAL_FRAUD_EDGE_CASE,-trusted_device
T0097,C022,2026-09-13T12:05,179.35,Fresh Market,GROCERY,LOW,POS,YES,Seattle,WA,US,Seattle,WA,16.5,YES,NO,NO,132.73,1.35,1,3,NO,0,NO,N/A,FRAUD,0,APPROVE,APPROVE,LOW_SIGNAL_FRAUD_EDGE_CASE,-trusted_device
T0098,C023,2026-09-13T16:39,135.11,Value Foods,GROCERY,LOW,POS,YES,Atlanta,GA,US,Atlanta,GA,7.5,YES,NO,NO,110.39,1.22,1,2,NO,0,NO,N/A,FRAUD,0,APPROVE,APPROVE,LOW_SIGNAL_FRAUD_EDGE_CASE,-trusted_device
T0099,C024,2026-09-13T17:54,176.82,Corner Bistro,RESTAURANT,LOW,POS,YES,Seattle,WA,US,Seattle,WA,23.3,YES,NO,NO,137.57,1.29,1,2,NO,0,NO,N/A,FRAUD,0,APPROVE,APPROVE,LOW_SIGNAL_FRAUD_EDGE_CASE,-trusted_device
T0100,C025,2026-09-13T21:27,104.42,Value Foods,GROCERY,LOW,POS,YES,Atlanta,GA,US,Atlanta,GA,23.7,YES,NO,NO,113.10,0.92,1,5,NO,0,NO,N/A,FRAUD,0,APPROVE,APPROVE,LOW_SIGNAL_FRAUD_EDGE_CASE,-trusted_device
